Datetime,Water Level (m)
2025-02-19 06:00:00,-0.5337799
2025-02-19 07:00:00,-0.49237663
2025-02-19 08:00:00,-0.3268282
2025-02-19 09:00:00,-0.16373955
2025-02-19 10:00:00,-0.013170939
2025-02-19 11:00:00,0.10311197
2025-02-19 12:00:00,0.1397453
2025-02-19 13:00:00,0.06711919
2025-02-19 14:00:00,-0.062177863
2025-02-19 15:00:00,-0.18232341
2025-02-19 16:00:00,-0.29393554
2025-02-19 17:00:00,-0.39544877
2025-02-19 18:00:00,-0.468346
2025-02-19 19:00:00,-0.42692134
2025-02-19 20:00:00,-0.27234828
2025-02-19 21:00:00,-0.13256094
2025-02-19 22:00:00,-0.015630938
2025-02-19 23:00:00,0.059397943
2025-02-20 00:00:00,0.0473972
2025-02-20 01:00:00,-0.06596969
2025-02-20 02:00:00,-0.19019724
2025-02-20 03:00:00,-0.30611444
2025-02-20 04:00:00,-0.41944978
2025-02-20 05:00:00,-0.52740175
2025-02-20 06:00:00,-0.60585904
2025-02-20 07:00:00,-0.6086813
2025-02-20 08:00:00,-0.48693582
2025-02-20 09:00:00,-0.33508295
2025-02-20 10:00:00,-0.19090366
2025-02-20 11:00:00,-0.06669879
2025-02-20 12:00:00,0.01552434
2025-02-20 13:00:00,0.013872682
2025-02-20 14:00:00,-0.0739965
2025-02-20 15:00:00,-0.18283662
2025-02-20 16:00:00,-0.28201535
2025-02-20 17:00:00,-0.37175444
2025-02-20 18:00:00,-0.44771323
2025-02-20 19:00:00,-0.4786444
2025-02-20 20:00:00,-0.41650218
2025-02-20 21:00:00,-0.29650813
2025-02-20 22:00:00,-0.19256896
2025-02-20 23:00:00,-0.10899181
2025-02-21 00:00:00,-0.06805355
2025-02-21 01:00:00,-0.11092183
2025-02-21 02:00:00,-0.2202273
2025-02-21 03:00:00,-0.32635722
2025-02-21 04:00:00,-0.42643818
2025-02-21 05:00:00,-0.5259512
2025-02-21 06:00:00,-0.6057657
2025-02-21 07:00:00,-0.64566547
2025-02-21 08:00:00,-0.60508335
2025-02-21 09:00:00,-0.48523036
2025-02-21 10:00:00,-0.36307344
2025-02-21 11:00:00,-0.24384162
2025-02-21 12:00:00,-0.13528821
2025-02-21 13:00:00,-0.05906459
2025-02-21 14:00:00,-0.043021794
2025-02-21 15:00:00,-0.099021584
2025-02-21 16:00:00,-0.1903773
2025-02-21 17:00:00,-0.2757832
2025-02-21 18:00:00,-0.35119942
2025-02-21 19:00:00,-0.41172078
2025-02-21 20:00:00,-0.4335769
2025-02-21 21:00:00,-0.39577124
2025-02-21 22:00:00,-0.3250315
2025-02-21 23:00:00,-0.26040164
2025-02-22 00:00:00,-0.21039142
2025-02-22 01:00:00,-0.19296092
2025-02-22 02:00:00,-0.23382068
2025-02-22 03:00:00,-0.31139442
2025-02-22 04:00:00,-0.3907627
2025-02-22 05:00:00,-0.4703812
2025-02-22 06:00:00,-0.54304326
2025-02-22 07:00:00,-0.60530025
2025-02-22 08:00:00,-0.6398643
2025-02-22 09:00:00,-0.6178077
2025-02-22 10:00:00,-0.5234628
2025-02-22 11:00:00,-0.41037875
2025-02-22 12:00:00,-0.29733786
2025-02-22 13:00:00,-0.18291785
2025-02-22 14:00:00,-0.094702676
2025-02-22 15:00:00,-0.047508672
2025-02-22 16:00:00,-0.049832076
2025-02-22 17:00:00,-0.10373936
2025-02-22 18:00:00,-0.1936329
2025-02-22 19:00:00,-0.28192288
2025-02-22 20:00:00,-0.36085978
2025-02-22 21:00:00,-0.42926902
2025-02-22 22:00:00,-0.47627845
2025-02-22 23:00:00,-0.4872905
2025-02-23 00:00:00,-0.44730362
2025-02-23 01:00:00,-0.37274104
2025-02-23 02:00:00,-0.30827212
2025-02-23 03:00:00,-0.26822522
2025-02-23 04:00:00,-0.26854363
2025-02-23 05:00:00,-0.315375
2025-02-23 06:00:00,-0.390449
2025-02-23 07:00:00,-0.47591814
2025-02-23 08:00:00,-0.5572488
2025-02-23 09:00:00,-0.62689763
2025-02-23 10:00:00,-0.66309065
2025-02-23 11:00:00,-0.63329035
2025-02-23 12:00:00,-0.5178791
2025-02-23 13:00:00,-0.38419554
2025-02-23 14:00:00,-0.24939561
2025-02-23 15:00:00,-0.12937212
2025-02-23 16:00:00,-0.0320062
2025-02-23 17:00:00,0.016718991
2025-02-23 18:00:00,-0.0114077935
2025-02-23 19:00:00,-0.10935347
2025-02-23 20:00:00,-0.22393028
2025-02-23 21:00:00,-0.33257747
2025-02-23 22:00:00,-0.43301573
2025-02-23 23:00:00,-0.5236654
2025-02-24 00:00:00,-0.5766106
2025-02-24 01:00:00,-0.54922944
2025-02-24 02:00:00,-0.4325873
2025-02-24 03:00:00,-0.32082883
2025-02-24 04:00:00,-0.23287979
2025-02-24 05:00:00,-0.17997608
2025-02-24 06:00:00,-0.19123302
2025-02-24 07:00:00,-0.28180856
2025-02-24 08:00:00,-0.38862383
2025-02-24 09:00:00,-0.4942903
2025-02-24 10:00:00,-0.5900547
2025-02-24 11:00:00,-0.6672836
2025-02-24 12:00:00,-0.68592405
2025-02-24 13:00:00,-0.5731444
2025-02-24 14:00:00,-0.40657082
2025-02-24 15:00:00,-0.23919815
2025-02-24 16:00:00,-0.08659031
2025-02-24 17:00:00,0.038770452
2025-02-24 18:00:00,0.102418184
2025-02-24 19:00:00,0.07062621
2025-02-24 20:00:00,-0.05483632
2025-02-24 21:00:00,-0.18993677
2025-02-24 22:00:00,-0.31716472
2025-02-24 23:00:00,-0.43892562
2025-02-25 00:00:00,-0.5494826
2025-02-25 01:00:00,-0.6154749
2025-02-25 02:00:00,-0.5577212
2025-02-25 03:00:00,-0.391973
2025-02-25 04:00:00,-0.24233915
2025-02-25 05:00:00,-0.12381643
2025-02-25 06:00:00,-0.049352884
